site_code,site_name,laqn_lat,laqn_lon,nearest_count_point_id,dft_lat,dft_lon,road_type,distance_km
BL0,Camden - Bloomsbury,51.522287,-0.125848,942307,51.52298296,-0.125427493,Minor,0.08267525758788108
BX2,Bexley - Belvedere,51.4906102082147,0.158914493927518,26783,51.485206107,0.158946493,Major,0.6009127226050824
GN0,Greenwich - A206 Burrage Grove,51.490532,0.074003,47943,51.490718,0.072774342,Major,0.08754394417347916
HK6,Hackney - Old Street,51.526454,-0.08491,8475,51.526182288,-0.08521909,Major,0.03701429053402796
